"Mrs","Herminia","Linderman","Cartwright Soft Drink Group","645, 30th Street","Suite 2961","Cartwright","MB","CA","","","","","","","lindermanh@emailserver.com",
"Mr","Berry","Salas","Pugwash Helicopter Co","1156, Meriden Drive","","Pugwash","NS","CA","31664-6546","(555) 886-7374","","","","","salasb@emailserver.com",
"Mrs","Elvira","Hillard","Elmsdale Industrial Limited","1225, 70th Street","P.O. Box 4280","Elmsdale","NS","CA","","(555) 704-1572","","","","","hillarde@emailserver.com",
"Mrs","Deann","Vale","Concord Alterations Co","680, Thorn Lane","P.O. Box 893","Concord","CA","US","","","","","","","valed@emailserver.com",
"Mr","Damion","Chin","Georgetown Health Inc.","1063, High Ridge Court","","Georgetown","ON","CA","76169-1322","(555) 430-7695","","","","","chind@emailserver.com",
"Mr","Drew","Braun","Rocky Harbour Soft Drink Company","90, Gravenor Lane","","Rocky Harbour","NF","CA","","(555) 869-4266","","","","","braund@emailserver.com",
